Review_title,Date,Body,Star_rating,Comments
Not Polished Enough. (Improving with updates),Reviewed in India ğŸ‡®ğŸ‡³ on 23 September 2022,"[Update: Sept 29] boAt seems to have heard the feedback ğŸ˜€ and updated the watch faces. Now there are a few good ones to pick but a slight improvement over the ones the watch earlier had. Bit Impressed. Added one star for it.Not a very polished product. The fonts are tacky and look ugly in the watch for notification text and caller name text. The watch faces are a lazy design job. No point having 150 watch faces if only 10-20 are good or usable. Rest are useless.[UPDATE: Oct 11] boAt seems to be on a smartwatch launch spree. And thanks to that, they are constantly updating the phone app and the watch faces. Now you have many good looking watch faces to choose from. So overall, still the Smartwatch UI needs work. But atleast you have good watch faces.Good:- Screen quality- Battery life- Looks and the metallic frame- Call clarity- BT calling at the price- Reasonably accurate sensorsBad:- The UI, fonts - they are all very ugly and tacky. They could have tried to give the Chinese software some makeover. But it is a clearly lazy job by the tech team. A copy paste job to be precise of getting an outsourced software and plastering it with brand logos.- Restarts randomly when the call is going on on the watch even for 1 min or so.- Watch faces. Again a job of the design / tech / UI team. BoAt doesn't have a good team of designers and UI guys to really offer simple yet good software features like good watch faces and good watch UI.- No option to silence a call or reply with quick replies.Look for Noise Smart Watches in the Same Range. Noise Colorfit Pulse Go Buzz is cheaper and better alternative + has better watch faces and UI and quick reply to notifications and call silence and mute options for lower prices which this watch has clearly missed.You can go for boAt Wave Call also - It isn't an outright bad watch, but there are better options available for the price.boAt - If you have a team who reads and wants to improve, get some good UI and design folks in your team. Your products are good, but the UI and design is what the people see and that's what makes them feel good about your products. You have really average UI.",4,1
Nice watch,Reviewed in India ğŸ‡®ğŸ‡³ on 24 October 2022,"the watch was delivered on time. I am very happy with the watch. It has all the features. Like- sports, heart rate,sleep, weather ,call and music. But the reason why I gave 4 stars is,  In call feature the listener can just hear u can't hear what they speak And music doesn't work (speaker is not present). If this was given it would the best watch ever.",4,1
Very good product â¤ï¸â¤ï¸,Reviewed in India ğŸ‡®ğŸ‡³ on 26 October 2022,A) The feel is very good. It is superlight in weight and metallic frame gives it a premium feel.B) The touch screen is super smooth and works very well.C) The system UI of boat is also pretty easy to use and simple in features.D) The battery life is also good.E) The display is veryy bright.F) The strap quality is PERFECT,4,1
Battery drains within 2 days......,Reviewed in India ğŸ‡®ğŸ‡³ on 27 October 2022,Pros. 1. Touch is awesome  2. Variety of watchfaces  3. Easy connectivity with app  4. U can listen music in watchCons : 1. Battery drains within 2 days  2. While walking it gives accurate results but while jogging a it lags 10% data and in cycling it d0 not count killometes  (if you cycle 10km it will count upto 400m,4,1
Overall decent watch,Reviewed in India ğŸ‡®ğŸ‡³ on 24 October 2022,"I got this for 1700 y all, it was worth it considering the metalic sides but plastic back and good watch faces but side bezels are noticable which i feel is a con and a little connectivity issue that i face sometimes. I will say if this costs over 2000 you might wanna consider some other watch but below 2000 totally worth it.",4,1
Good for calls,Reviewed in India ğŸ‡®ğŸ‡³ on 28 October 2022,Calls very loudly and clear voice and speaker as well good performanceBut the battery life not work long time,4,1
Good in budget,Reviewed in India ğŸ‡®ğŸ‡³ on 29 October 2022,Overall looks good in under 2k but app required more options for use to easy,4,1
Heart beat,Reviewed in India ğŸ‡®ğŸ‡³ on 25 October 2022,This watch is boat wearable app is not pair this watch sma times and next over all its gud calling speaker is very good ğŸ‘,4,1
Average product.,Reviewed in India ğŸ‡®ğŸ‡³ on 27 October 2022,"No speaking, no chance of sending messages or checking whatsapp photos or videos. Just for checking time in dark.",4,0
What about its battery backup?,Reviewed in India ğŸ‡®ğŸ‡³ on 26 October 2022,5 to 6 Days battery backup in Normal uses but on blootooth calling it less than to some few hours.,4,1
Average,Reviewed in India ğŸ‡®ğŸ‡³ on 28 October 2022,Good at the price point. Try to buy in the sale if you find a good deal.,4,1
Osm quality product,Reviewed in India ğŸ‡®ğŸ‡³ on 25 October 2022,"Love it and I've only had it for 3 days. Tracks my steps tracks my sleep, does everything it says. I had a galaxy watch and honestly like this better. I have it connected to Google fit and it syncs perfectly",4,1
awesome,Reviewed in India ğŸ‡®ğŸ‡³ on 29 October 2022,this is awesome ğŸ‘thanks Amazon,4,1
One of the best build quality of this price range,Reviewed in India ğŸ‡®ğŸ‡³ on 6 October 2022,The heart rate sensor is 90% to 85% accurateI tested itThere is not a big problem in itTo be honest and saw the other reviews in which they said the battery is not goodBut in my face it looks like a normal batteryI am still at 80%I used yesterday all day the only thing I did is lower the brightness to save up the batteryBut in which case when I try to upload my custom wallpaper it is a bit problemWhich the wallpaper is there in cropped properly by the app and it is looking bad other than find any problem,4,1
Alhamdulillah It's amazing looking and Very comfortable to wearğŸ˜,Reviewed in India ğŸ‡®ğŸ‡³ on 27 October 2022,It's touch screen and accuracy or battery life and very easy to access,4,1
Battery backup is poor,Reviewed in India ğŸ‡®ğŸ‡³ on 31 October 2022,Bluetooth connectivity issue,4,0
It's great,Reviewed in India ğŸ‡®ğŸ‡³ on 31 October 2022,,4,1
Battery support very bad,Reviewed in India ğŸ‡®ğŸ‡³ on 29 October 2022,Battery support is very bad,4,0
Buletooth range is not so high,Reviewed in India ğŸ‡®ğŸ‡³ on 23 October 2022,Touch is not working properly may be fix by updates otherwise all thing is good in this price range,4,0
Activity reading is inaccurate,Reviewed in India ğŸ‡®ğŸ‡³ on 21 October 2022,"I was travelling in bus, I recognised the watch calculating steps. I travelled for about 150 km in bus, and found that more than 10,000 steps were counted during journey. I understand that the road wasnâ€™t good with path holes. But I found this to be very sensitive as it calculated huge number when I have actually not moved.Call quality, speaker is good. But UI seems to be very average, not so appealing. Even sleep tracking starts if you are just using phone before sleep and donâ€™t move much.",3,0
Nice,Reviewed in India ğŸ‡®ğŸ‡³ on 28 October 2022,Nice,4,1
Everything is nice,Reviewed in India ğŸ‡®ğŸ‡³ on 28 October 2022,Superb touch,4,1
Very Nice,Reviewed in India ğŸ‡®ğŸ‡³ on 25 October 2022,Good Product But Get down early,4,1
Nice,Reviewed in India ğŸ‡®ğŸ‡³ on 28 October 2022,No that expected lite weight,4,1
Quality is good,Reviewed in India ğŸ‡®ğŸ‡³ on 29 October 2022,"The media could not be loaded.
                



Â Display quality is awesome...even falling from 6 feet no damage found....colour is awesome....only touch is not satisfactory as other product has.....",4,1
Value for money,Reviewed in India ğŸ‡®ğŸ‡³ on 26 October 2022,So far so good,4,1
Not bad,Reviewed in India ğŸ‡®ğŸ‡³ on 25 October 2022,Battery backup is low,4,0
"Phone and watch pairing found difficult, and also not getting the notifications correctly",Reviewed in India ğŸ‡®ğŸ‡³ on 20 October 2022,"Phone and watch pairing found difficult, and also not getting the notifications correctly",4,0
Battery backup very poor. Not even stay for 24 hours!!,Reviewed in India ğŸ‡®ğŸ‡³ on 19 October 2022,"I have night 2 nos, but this time not worth.",4,0
Good,Reviewed in India ğŸ‡®ğŸ‡³ on 25 October 2022,,4,1
Nice,Reviewed in India ğŸ‡®ğŸ‡³ on 24 October 2022,Ok,4,1
Look is awesome and it suits for showoff !!,Reviewed in India ğŸ‡®ğŸ‡³ on 7 October 2022,"Look is awesome, display is good even in Bright sun light.Poor sensors, it can detect spo2 and heart rate for all non living things(Chait, table, plastic box, steel)Software is in the Watch is poor for this price.Boat App for this watch is also very poor, only one customised watch face can be saved in the App or watch, next time when you need the same watch face again you need to customize it.nothing great to say apart from watch premium look and display.",3,1
1 day Battery backup,Reviewed in India ğŸ‡®ğŸ‡³ on 16 October 2022,1 day battery backup,4,0
Over all excellent,Reviewed in India ğŸ‡®ğŸ‡³ on 25 October 2022,Good,4,1
Battery type c is better,Reviewed in India ğŸ‡®ğŸ‡³ on 15 October 2022,I like this watch,4,1
Good product..,Reviewed in India ğŸ‡®ğŸ‡³ on 11 October 2022,"Totally good watch.But,few calling issues are their.Other wise good and value for money watch",4,1
Boat wave call smart watch,Reviewed in India ğŸ‡®ğŸ‡³ on 29 September 2022,"A great product comes with a great price in this offer, Literally other e-commerce website does not gave this product in this low cost many many thanks Amazon for this. Wave call is perfect as a calling watch in low cost, the speaker and mic is accurate and other features are also working good design and build quality is also outstanding in this price range, so again thanks to amazon as well as boat. And at last I have to say about the delivery boy his behavior is very good.",4,1
Battery,Reviewed in India ğŸ‡®ğŸ‡³ on 19 October 2022,Battery backup only 8 hors,4,0
This watch is no charge,Reviewed in India ğŸ‡®ğŸ‡³ on 15 October 2022,This watch is no charge,4,0
budget BT calling smartwatch,Reviewed in India ğŸ‡®ğŸ‡³ on 6 September 2022,"This wave call Bluetooth smart watch is a budget friendly which is powered by 'Boat'. The main feature that I loved is its Bluetooth calling feature. The Bluetooth connectivity is like less than 3 seconds which is a bit faster. Although it is a LCD display it has high brightness and good display quality. The speakers are loud enough for my use. The heart rate sensor is accurate as expected. The build quality seems good and perfectly fitted to my hand. The UI is simple to use. Music controlling, Spo2 and so many sports modes are working fine. The battery backup given is 10 days, a good thing while travelling. And the boat wearables app is useful for a better customization of the smartwatch. Overall I simply like this wave call smartwatch and I would suggest who are searching for a budget friendly Bluetooth calling smartwatch, simply go for it.",4,0
Nice,Reviewed in India ğŸ‡®ğŸ‡³ on 18 October 2022,Super,4,1
Naga Tenali,Reviewed in India ğŸ‡®ğŸ‡³ on 24 October 2022,Good quality,4,1
They didn't send the charger with the watch.,Reviewed in India ğŸ‡®ğŸ‡³ on 13 October 2022,Boat smart watch is good but I didn't get the charging cable. I am asking to give the charger which should be there in the package that was not there. Also I go through the return or replace option but nothing is happening.,4,0
nice watch for that price,Reviewed in India ğŸ‡®ğŸ‡³ on 18 October 2022,not bad product ...value for that price,4,1
Value for money,Reviewed in India ğŸ‡®ğŸ‡³ on 19 October 2022,Value for money. Chanting is good,4,1
Good in comparison with Fireboltt.,Reviewed in India ğŸ‡®ğŸ‡³ on 10 October 2022,Used fireboltt watch but was not satisfied with the cost vs features and no response from customer care. But boat watch is nice to use and felt good using it. Value for money product.,4,1
Gud,Reviewed in India ğŸ‡®ğŸ‡³ on 17 October 2022,,4,1
Good by restricted features.,Reviewed in India ğŸ‡®ğŸ‡³ on 16 October 2022,You can't put it on silent.,4,1
Good quality,Reviewed in India ğŸ‡®ğŸ‡³ on 13 October 2022,Overall valuable product... Good sound quality. Even calls are Cristal clear,4,1
This is nice but whenever connected through BT at that time it's drains too faster.,Reviewed in India ğŸ‡®ğŸ‡³ on 12 October 2022,This is nice in that price cap. but I think should have more battery Life over all was nice ğŸ‘,4,1
Features not nce,Reviewed in India ğŸ‡®ğŸ‡³ on 16 October 2022,"There not have Alexa , Google any voice assistant . And there low performance after we tap",4,0
Noise cancellation not available,Reviewed in India ğŸ‡®ğŸ‡³ on 25 October 2022,"The media could not be loaded.
                



Â As mentioned in the features noice cancellation but its not provided in the product overall good product",4,0
Watch not working more then 12 hrs,Reviewed in India ğŸ‡®ğŸ‡³ on 8 October 2022,Battery life is very low and it's not working minimum 2 day's.,4,0
best smart watch it very good,Reviewed in India ğŸ‡®ğŸ‡³ on 10 October 2022,Accurate is not good and battery life is good touch screen very good,4,0
"Very smooth touch good quality, and reasonable price.",Reviewed in India ğŸ‡®ğŸ‡³ on 13 October 2022,I like it.,4,1
Nice,Reviewed in India ğŸ‡®ğŸ‡³ on 17 October 2022,Nice and gud battery,4,1
Good,Reviewed in India ğŸ‡®ğŸ‡³ on 19 October 2022,,4,1
Nice watch,Reviewed in India ğŸ‡®ğŸ‡³ on 10 October 2022,Low budget smart watch. Not bad.,4,1
Battery defect,Reviewed in India ğŸ‡®ğŸ‡³ on 7 October 2022,"Battery is not at all good ,battery life is just 1hr and charges within 10 minutes.",4,0
Good product at this price.,Reviewed in India ğŸ‡®ğŸ‡³ on 15 October 2022,B T calling and sports features plus heart n blood moniter.,4,1
Good,Reviewed in India ğŸ‡®ğŸ‡³ on 14 October 2022,Nice,4,1
Boat wave smartwatch is good,Reviewed in India ğŸ‡®ğŸ‡³ on 16 October 2022,,4,1
Not proper Work in App,Reviewed in India ğŸ‡®ğŸ‡³ on 9 October 2022,Some gud work All service but not properly usse discount in Apps Any time. Plz some improve Service,4,0
Bluetooth connection problem please rectify,Reviewed in India ğŸ‡®ğŸ‡³ on 12 October 2022,Bluetooth connecting problem i am face this problem,4,0
Nice ğŸ˜˜,Reviewed in India ğŸ‡®ğŸ‡³ on 13 October 2022,Good bit work slow,4,1
Amazing at low price,Reviewed in India ğŸ‡®ğŸ‡³ on 7 October 2022,I got the watch in offer and its amazing to have call even call feature in the watch,4,1
Nice quality ğŸ˜Š,Reviewed in India ğŸ‡®ğŸ‡³ on 5 October 2022,Super product but battery is drain  very fast.. or all features are good ğŸ‘..,4,0
Smart watch amazing,Reviewed in India ğŸ‡®ğŸ‡³ on 16 October 2022,,4,1
All good but battery do not last a day,Reviewed in India ğŸ‡®ğŸ‡³ on 11 October 2022,Every Feature works precisely.The battery do not last a single day,4,0
Good product,Reviewed in India ğŸ‡®ğŸ‡³ on 16 October 2022,Low price and good quality,4,1
Good style,Reviewed in India ğŸ‡®ğŸ‡³ on 17 October 2022,Good value for money,4,1
Great for beginner,Reviewed in India ğŸ‡®ğŸ‡³ on 29 October 2022,"The watch is good, with decent visibility. Calling feature is great.The bluetooth connectivity is finicky.Watch faces are seriously limited. Design your own watch face places tiny text which is not easy to read.Overall average features, most issues are software related and hopefully will be fixed via updates.",3,1
Good,Reviewed in India ğŸ‡®ğŸ‡³ on 11 October 2022,Nice,4,1
I'm very disappointed Amazon packaging. very bad. device box to much hamper for packing.,Reviewed in India ğŸ‡®ğŸ‡³ on 10 October 2022,at this price device is ok.,4,1
Call Function,Reviewed in India ğŸ‡®ğŸ‡³ on 30 September 2022,"Touch screen is excellent ,Battery life also good without bt calling, not able to set the music controll Brightness is very good even full of light area ,then all features r good i give 4 star at the end value for money",4,1
Not so accurate as showed in images.,Reviewed in India ğŸ‡®ğŸ‡³ on 5 October 2022,Not so accurate as showed in images. Tracking is moderate. Build quality is good.,4,0
Very good watch,Reviewed in India ğŸ‡®ğŸ‡³ on 7 October 2022,,4,1
This is best watch under 2k budget ..... thank you Boat and Amazon â¤ï¸,Reviewed in India ğŸ‡®ğŸ‡³ on 1 October 2022,"The media could not be loaded.
                



Â All things are working call outgoing and incoming features Good and Good Battery ğŸ”‹ life and smooth watch finally this watch for students, teachers,young stars .there is no any negative feedback From this watch and under this budget ....this gonna very helpful to Usâ¤ï¸",4,1
GOOD,Reviewed in India ğŸ‡®ğŸ‡³ on 13 October 2022,I LIKE IT,4,1
Calling function and loud speaker,Reviewed in India ğŸ‡®ğŸ‡³ on 9 October 2022,Super product from boat,4,1
I don't hope that about this watch really this watch is very nice and their looks are very good,Reviewed in India ğŸ‡®ğŸ‡³ on 2 October 2022,This watch is really very nice and very good quality of material in this watch,4,1
Super,Reviewed in India ğŸ‡®ğŸ‡³ on 7 October 2022,Battery life poorTouch screen poor,4,1
Super,Reviewed in India ğŸ‡®ğŸ‡³ on 8 October 2022,Very good,4,1
Good,Reviewed in India ğŸ‡®ğŸ‡³ on 13 October 2022,,4,1
Good oneğŸ‘,Reviewed in India ğŸ‡®ğŸ‡³ on 11 October 2022,,4,1
Good.,Reviewed in India ğŸ‡®ğŸ‡³ on 8 October 2022,No need to replace. It's working now.,4,1
Good,Reviewed in India ğŸ‡®ğŸ‡³ on 10 October 2022,Battery life bahut kam hai,4,1
Very good product,Reviewed in India ğŸ‡®ğŸ‡³ on 4 October 2022,"Touch screen good, accuracy is ok compare to other products, battery life is also ok,but audio is soo good i love audio of watch",4,1
Good,Reviewed in India ğŸ‡®ğŸ‡³ on 12 October 2022,Good,4,1
Product is awesome...,Reviewed in India ğŸ‡®ğŸ‡³ on 12 October 2022,,4,1
Good,Reviewed in India ğŸ‡®ğŸ‡³ on 27 October 2022,"The media could not be loaded.
                



Â Good",4,1
Watch is very good but lock pin colour are different,Reviewed in India ğŸ‡®ğŸ‡³ on 13 October 2022,"The media could not be loaded.
                



Â Watch look is very good and work very well . but  watch lock pin colour are different.  Please send correct item",4,1
An excellent watch with health monitoring and calling capabilities at a great price,Reviewed in India ğŸ‡®ğŸ‡³ on 26 October 2022,"There is no doubt that this is one of the finest smartwatches in the budget range.This watch has an ultra-slim body which is light in weight and gives a premium look. The seamless body and build quality are fantastic. The display on this smartwatch is amazing, and it works well both indoors and outdoors.Talking about its features, the call feature works decently and the mic and speaker quality is enhanced. Other features such as heart rate, blood oxygen level, and sleep monitor are also properly functioning. However, as they say in the description, this is not a medical grade smart watch. However, it is almost accurate in heart rate and spo2.Another thing that makes it so impressive is its battery life. It lasts up to 8-10 days without Bluetooth and up to 2-3 days with Bluetooth enabled. It was a surprise to see the quality of BT's calls. BT Calling stands out for its price. This product is truly amazing.The impressions after wearing this are pleasant and quite positive. Loved it.",5,1
Sound and Callig future working is awesome,Reviewed in India ğŸ‡®ğŸ‡³ on 4 October 2022,Calling future and it's working,4,1
Good,Reviewed in India ğŸ‡®ğŸ‡³ on 2 October 2022,"The range of Bluetooth connection is not much, calling feature is nice,overall a good looking watch.",4,1
Best watch â¤ï¸,Reviewed in India ğŸ‡®ğŸ‡³ on 7 October 2022,Best watch,4,1
Good one. Worth the price Rs1669.,Reviewed in India ğŸ‡®ğŸ‡³ on 30 September 2022,2 days of usage. Worth the money and meets expectations. Bluetooth calling is awesome with good speaker quality. Battery not draining much even with bluetooth calling.Will post a long term review later.,4,1
Calling option,Reviewed in India ğŸ‡®ğŸ‡³ on 25 October 2022,"The media could not be loaded.
                



Â Good",4,1
Ok ok watch,Reviewed in India ğŸ‡®ğŸ‡³ on 6 October 2022,Ok ok,4,0
Not that good,Reviewed in India ğŸ‡®ğŸ‡³ on 12 October 2022,"Waste of money. I have paid 3000 for this watch. Sometimes it connects and sometimes not. Sometimes after connecting also, in the app it shows not connected. Screen is very poor. I don't know whether i got defected product or this watch is not good.",3,0
Battery backup not 7days,Reviewed in India ğŸ‡®ğŸ‡³ on 7 October 2022,No,4,0
ğŸ‘Œ,Reviewed in India ğŸ‡®ğŸ‡³ on 3 October 2022,ğŸ‘,4,1
Software is very bad,Reviewed in India ğŸ‡®ğŸ‡³ on 22 October 2022,"Software experience is very bad.when you call directly from your phone, the watch is showing call details like Phone number and call voice is also playing on watch.",3,0
I think this watch too good calling watch under 2500 rupees so you may go for buy,Reviewed in India ğŸ‡®ğŸ‡³ on 4 October 2022,"The media could not be loaded.
                



Â I think battery can create problem and in other too good touch screen parform so well and accuracy not too good but good",4,1
Good product ğŸ‘,Reviewed in India ğŸ‡®ğŸ‡³ on 6 October 2022,Good product ğŸ‘,4,1
Good,Reviewed in India ğŸ‡®ğŸ‡³ on 28 September 2022,Touch is very slow..battery life good...Packaging was very very bad...watch came out from actual place.wrapper also not stick on the screen.....,4,1
Strap is 20 mm or 40 mm,Reviewed in India ğŸ‡®ğŸ‡³ on 6 October 2022,I like it,4,1
"Good battery life, bright display",Reviewed in India ğŸ‡®ğŸ‡³ on 22 September 2022,"The wave call was good with it touch sensitive and good battery life as they claimed. But while switching on Bluetooth calling feature and using it for call the battery comes for just two days.Normal usage it lasts for 7days easily like using for notifications, call answering, declining.I rate 5 for battery, 4.5 for screen n touch.",4,1
Good looking,Reviewed in India ğŸ‡®ğŸ‡³ on 8 October 2022,Good,4,1
everything is good but as the brand claim battery about 7-10 days its only 2-3 day battery backup,Reviewed in India ğŸ‡®ğŸ‡³ on 2 October 2022,battery is too bad as the brand claim,4,1
Heart rate,Reviewed in India ğŸ‡®ğŸ‡³ on 29 October 2022,Ye watch table ka bhi heart rate dikhati hai..........pan youtube ke video bolte hai ki vo check nahi karti par meri vali check karti hai,3,1
It is good at this price range,Reviewed in India ğŸ‡®ğŸ‡³ on 26 July 2022,"The media could not be loaded.
                



Â Prebooked and got the product with in 48 hrs. Initial impressions are: Product is looking good and Features accuracy is also great.Got an in build speaker which is very loud you can easily use it.Speaker Quality is also niceDisplay is really bright, you can use it bright sun light too.Got some good features too.watch can be disconnected from call feature too.but cons are:1. There is an issue with app may be which is causing the faces change automatically.2. Watch faces provided were terrible (in my opinion)3. Touch sensitivity while dialing is a bit hard you need to maintain your accuracy here4. 10 Contacts can only be saved.thats it. at this range boat is giving a more than great deal. Jump to get it if you are looking for a smart watch.",4,1
"Why for order one item two orders generated , I canceled 2nd one, but product rating moderate",Reviewed in India ğŸ‡®ğŸ‡³ on 28 September 2022,Overall good,4,1
Incoming Call function,Reviewed in India ğŸ‡®ğŸ‡³ on 13 October 2022,"Unable to take call from watch. Image shown Green symbol also, but in getting call Watch'shows only Red symbol i.e fir Decline call.Also other Functions like Music, sports etc yet to be explored",3,0
Fully satisfied but display color-contrast issue,Reviewed in India ğŸ‡®ğŸ‡³ on 24 September 2022,"Nice fit for skinny hand like me, touch good, brightness too high,well connected,phone call performance really good but lcd colour contrast poor,Blood pressure features not available... otherwise very good product.",4,1
Value for money,Reviewed in India ğŸ‡®ğŸ‡³ on 30 September 2022,Budget watch,4,1
Good,Reviewed in India ğŸ‡®ğŸ‡³ on 27 September 2022,Good,4,1
Awesome product,Reviewed in India ğŸ‡®ğŸ‡³ on 27 September 2022,"Good battery life without call, with call only 1 day.If u talk non stop on call battery wil drain in just 30mins to 1 hrOver all good product my first smartwatch.",4,1
Regarding Bluetooth connectivity,Reviewed in India ğŸ‡®ğŸ‡³ on 28 October 2022,"When I am trying to connect watch via boat wearable it's not connecting ,means not pairing with mobile.",3,0
Good,Reviewed in India ğŸ‡®ğŸ‡³ on 30 September 2022,Good,4,1
about calling,Reviewed in India ğŸ‡®ğŸ‡³ on 10 October 2022,we can not pick up the call with that watch if you are using Iphone ğŸ˜,3,0
Good quality product in cheap price,Reviewed in India ğŸ‡®ğŸ‡³ on 31 October 2022,"The smartwatch is amazing.The 1.69"" hd display looks great in outdoors.The most highlighting feature of the watch is it supports Bluetooth calling and I can read notification also.There are lots of amazing watch faces and we can customise the faces too.The 7 day battery life with Bluetooth connectivity it's battery life less shorter due to its massive 220mah battery.This was my first smartwatch from boat and I must say I loved it.It has many sports mode which helps me to improve my health.I am completely satisfied with my purchase simply go for it.",5,1
Good product screen to body ratio should be better,Reviewed in India ğŸ‡®ğŸ‡³ on 13 October 2022,Received today it seems good till the time but screen to body ratio is not satisfactory it should be computable,3,1
Best,Reviewed in India ğŸ‡®ğŸ‡³ on 19 September 2022,Best,4,1
Good product,Reviewed in India ğŸ‡®ğŸ‡³ on 23 September 2022,Battery performance good,4,1
Ye to sofa ka bhi heart rate bata raha heğŸ¤£,Reviewed in India ğŸ‡®ğŸ‡³ on 19 October 2022,Ye to sofa ka bhi heart rate bata raha heğŸ¤£,3,1
Connectivity issue through app,Reviewed in India ğŸ‡®ğŸ‡³ on 14 October 2022,Connectivity issue through app. Reinstall app after that working,3,0
Very cheap.,Reviewed in India ğŸ‡®ğŸ‡³ on 12 October 2022,The battery life is very poor. Except battery all are good.,3,1
Good product,Reviewed in India ğŸ‡®ğŸ‡³ on 25 October 2022,I gifted this for my sister. She loved it very much it's her first smartwatch. And calls support was good the sound from the speakers were very loud reduce the sound as per your liking.Screen size is also big and and it's not made for small hands. Watch UI is also smooth i didn't find any lags. Not recommended for accurate fitness tracking but it works for the price.Battery life is decent i haven't charged it from when i bought it 3 days ago.For anyone who is looking to purchase a watch with calling and to see notifications can definitely go for it.,5,1
Whatsapp and SMS notification are received on phone also can Not count sleep data,Reviewed in India ğŸ‡®ğŸ‡³ on 27 September 2022,"The media could not be loaded.
                



Â Battery is working only two days",4,0
Not Bad,Reviewed in India ğŸ‡®ğŸ‡³ on 26 September 2022,Not Bad Not Good. Above average smartwatch.,4,0
Recommended to everyone.,Reviewed in India ğŸ‡®ğŸ‡³ on 12 September 2022,Reviewing after one month of use. Working fine. Sound quality is excellent. Thumbs-up to boat.,4,1
Best smartwatch under 2000,Reviewed in India ğŸ‡®ğŸ‡³ on 12 October 2022,This is one of the best smartwatch in the budget range... Its display is amazing and it is more than efficient for outdoor and indoor use. Its almost very accurate.. As they say in the discription it is not a clinical grade smart watch but it is also almost accurate in heartrate and spo2.. Another thing feel in it amazing is its battery life it gets 8-10 days without bt calling.. And gets upto 2-3 days with bluetooth calling.. I mainly use it for cycling and walking.. It is also water resistant for 5-10 minutes continues dipping in water... I found all the features correct that I read in the description. I didnt expect this much quality and features in it... Its bt calling feature is also amazing according to its price...This product is totally amazing....ThankbyouğŸ™...,5,1
Worth only for attending calls,Reviewed in India ğŸ‡®ğŸ‡³ on 29 August 2022,"I bought boat wave call 10 days back...Touch, accuracy and voice call connections are good ..but intermittently blue disconnected and not able to connect again sometimes ,so mobile app not sync with watch data.. but during that period voice call alone working, data sync and find phone options not working....later i have to uninstall and reinstall app to connect...but after that all the old data will be lost..and it shows wrong time ... Every time have uninstall and reinstall app",3,1
Sensors not working properly. Sleep sensor and heart beat sensor inaccurate. Call facility useless.,Reviewed in India ğŸ‡®ğŸ‡³ on 15 October 2022,Highly inaccurate. Bad software.,3,0
Very useful product,Reviewed in India ğŸ‡®ğŸ‡³ on 18 September 2022,Always before commitment,4,1
Nice,Reviewed in India ğŸ‡®ğŸ‡³ on 19 September 2022,Nice,4,1
Better,Reviewed in India ğŸ‡®ğŸ‡³ on 19 September 2022,Better,4,1
Good Product.,Reviewed in India ğŸ‡®ğŸ‡³ on 18 September 2022,The strap colour is very light and seems faded purple so I or my wife did not like the colour at all but all other things are good.,4,0
Value for money,Reviewed in India ğŸ‡®ğŸ‡³ on 15 September 2022,A beautiful featured smart watch in a reasonably ok price. Looks promising so far.,4,1
Good watch,Reviewed in India ğŸ‡®ğŸ‡³ on 12 September 2022,Watch is Nice but boat is not more featuresEx:-alarm ringtone is not set owned it's only vibrateLike wise so many,4,1
Worst battery,Reviewed in India ğŸ‡®ğŸ‡³ on 5 October 2022,Overall looks good but battery is very poor ...on full charge it shows 10days but it last for 1day only....false statement made by boat,3,0
Average quality,Reviewed in India ğŸ‡®ğŸ‡³ on 14 October 2022,Touch glass is poor quality,3,0
Fits well,Reviewed in India ğŸ‡®ğŸ‡³ on 2 October 2022,The media could not be loaded.,4,0
Not bad,Reviewed in India ğŸ‡®ğŸ‡³ on 15 October 2022,,3,1
Yaa Just OK.  If You're Having A Tight Budget Then It's Ok For U,Reviewed in India ğŸ‡®ğŸ‡³ on 17 October 2022,Juts Ok,3,0
"Battery life is not good, sometime touch is also not working properly",Reviewed in India ğŸ‡®ğŸ‡³ on 2 October 2022,"Battery life is not good in comparison with product description, sometime touch is also not working properly like dial-pad.",3,0
Best Quality,Reviewed in India ğŸ‡®ğŸ‡³ on 28 October 2022,"Boat WaveCall no doubt, is the best budget smartwatch available at this price segment. The watch has a premium feel, it being of complete metal body while other brands would provide plastic case.The app is bug-proof and the touch panel is accurately responsive. There are alot of amazing watch faces which we can choose according to our wish and we can customise the faces tooOverall, no doubt a great smartwatch. A very good product by boAt and I'm completely satisfied by it â˜ºï¸",5,1
Great Watch in This Price range,Reviewed in India ğŸ‡®ğŸ‡³ on 9 August 2022,Battery back up is the main issue with this watch. I am expecting 5 to 6 days without Bluetooth Connectedbut there is only 1.5 days battery backup with bluetooth and normally 3 to 4 days.Touch pad is also not that much smoothBut Calling Quality Is best with noise cancellation also.Also all Features are 95% accurate and gives you exact details. If you are using this for fitness and workout than you should go for this one.Built Quality Is Good It Feels Like an Luxery WatchOverall Good Product,4,0
"Good watch for workout, full calling watch",Reviewed in India ğŸ‡®ğŸ‡³ on 22 October 2022,"Apologies for last review,in which I said it's not a calling watch, it's a full calling feature watch, however connecting with call feature is a little bit tricky, you will find solution in FAQ in watch app, its a good watch at this 1699 price, touch is smooth, brightness is good, build quality is nice,Product looks same in real as shown in pictures. Battery backup is fabulous, it drains only 5-10 % in a day.Blutooth quality is good, didn't face any problem in connectivity.Sensors work properly,, overall it's a good purchase if you are looking for a daily use smart watch.Just go for it....",5,1
Average product,Reviewed in India ğŸ‡®ğŸ‡³ on 16 October 2022,Battery performance is low,3,0
Not to buy,Reviewed in India ğŸ‡®ğŸ‡³ on 12 October 2022,"The media could not be loaded.
                



Â Their is a two time falt. Two time provided defective product not show on display seen video ...",3,0
Good product,Reviewed in India ğŸ‡®ğŸ‡³ on 13 October 2022,,3,1
Not upto the mark,Reviewed in India ğŸ‡®ğŸ‡³ on 11 October 2022,Display not good,3,0
Product i got have Issue With Bluetooth Disconnecting Ayal length Small Calls  Get Dis Connect,Reviewed in India ğŸ‡®ğŸ‡³ on 10 August 2022,I mainly brought the Product for Monotoring My Activity and some what calls what I liked is Display good Sleep Measurement good Movement measurement like step we covered minutes i moved then calling facility (although it have issues of its own Sometimes connect sometimes not ) then  Things I disliked is Lack.of Support from.Boat Team.Or Manufactures Team The Frequently Bluetooth get disconnected then connected again disconnected which is terrible issue ....Calling fa imong sometimes calls get dropped rarely connect to a call then sitting Idle Reminder is not available which is a big loss in case it's manufacturer putting in mind for health purpose,3,0
Issue to reconnect the samarth watch with mobile device,Reviewed in India ğŸ‡®ğŸ‡³ on 17 September 2022,"Facing issue to reconnect the watch with mobile.I was uninstalled mobile boat wearable app 4 time and reset the watch setting, but not getting the proper solution.Every day watch disconnected and facing the reconnection issue.If any solution please let know.",3,0
Calling futur is not working,Reviewed in India ğŸ‡®ğŸ‡³ on 14 October 2022,"The media could not be loaded.
                



Â In this watch calling future is not working but all the future is very good â˜ºï¸â˜ºï¸",3,0
Not that great. It is okay for a 700 Rupees.,Reviewed in India ğŸ‡®ğŸ‡³ on 1 October 2022,"Would be better if the display is amoled.Heart rate monitor: Never trust. When my baby heart is 200 on fever, it show 89. That s the difference.Sound quality is very good",3,0
Good,Reviewed in India ğŸ‡®ğŸ‡³ on 15 October 2022,Good,3,1
Nice,Reviewed in India ğŸ‡®ğŸ‡³ on 17 October 2022,Good,3,1
Good for the price (2k),Reviewed in India ğŸ‡®ğŸ‡³ on 7 October 2022,Can not confirm on accuracy. Did try Steps but was not very happy though it works with delays.,3,1
#Kaamchalau,Reviewed in India ğŸ‡®ğŸ‡³ on 3 October 2022,"Not A Best Product, Just A #Kaamchalau Quality Includes Touch Response, Accuracy, & Looksâ€¦",3,0
Really Good Product,Reviewed in India ğŸ‡®ğŸ‡³ on 31 October 2022,"""Â Trying out Sports function to maintain fitness and accurate sensor working perfectly 6) Watch faces and app connectivity is smooth user friendly1) Heart beat sensor is satisfying Accurate2) Message and Call ringtone sound best via it self speaker3) Very premium out look shining body of watch4) Never feels like wearing very weight less and very smooth5) Many sports mode works accurately very helpfull for my workout session""",5,1
Bluetooth connectivity issue,Reviewed in India ğŸ‡®ğŸ‡³ on 26 September 2022,Its not automatically getting connected to the phones Bluetooth. Everytime you have to uninstall and reinstall the boat wearable app to get connected to the smart watch.,3,0
Music system not working in watch,Reviewed in India ğŸ‡®ğŸ‡³ on 12 October 2022,"The media could not be loaded.
                



Â Music system is not working in watchSo I don't like music system in this watch",3,0
Great in this price range But received damaged product,Reviewed in India ğŸ‡®ğŸ‡³ on 2 October 2022,Product was great..but received damaged product....there were scratches on the screen....now i have ordered replacement...,3,0
Good quality,Reviewed in India ğŸ‡®ğŸ‡³ on 27 October 2022,"This watch meets all of my expectations. As someone who likes to regular monitor my blood pressure, I really like that feature. I was looking for a watch that would make it easy to change music when I'm mowing, this watch provides that option and more. The battery life is great and my family finds I'm more accessible because I recieve notifications on my watch and respond back more quickly. If you're shopping for a smart watch, this is a solid bet.",5,1
Good product  this price,Reviewed in India ğŸ‡®ğŸ‡³ on 4 September 2022,I like this product valuable price,4,1
Speak was good but mic was not working,Reviewed in India ğŸ‡®ğŸ‡³ on 8 October 2022,Mic was not working other wise watch was good,3,0
Awesome,Reviewed in India ğŸ‡®ğŸ‡³ on 31 October 2022,"I love this watch! It monitors my sleep, heart rate, exercise, stress level, and more. I use it to track my bike rides in real-time, and it gives adequate readings. I know some people say it's not that accurate, but I feel it give a consistent base line for keeping tract of some important information over time. Can't believe it dose all it dose for such a reasonable price.",5,1
This price product is goodğŸ‘ but battery no good ğŸ‘ğŸ˜©ğŸ˜¤,Reviewed in India ğŸ‡®ğŸ‡³ on 4 October 2022,This price product is goodğŸ‘ but battery no good ğŸ‘ğŸ˜©ğŸ˜¤,3,0
Good,Reviewed in India ğŸ‡®ğŸ‡³ on 8 October 2022,Battery life weak overall okay not bad,3,0
Product kharab hai na le,Reviewed in India ğŸ‡®ğŸ‡³ on 15 October 2022,"The media could not be loaded.
                



Â à¤¬à¥ˆà¤Ÿà¥à¤°à¥€ à¤²à¤¾à¤‡à¤« 1 à¤¡à¥‡ 2à¤¡à¥‡ à¤°à¤¹à¥‡à¤—à¤¾",3,0
Best Experience,Reviewed in India ğŸ‡®ğŸ‡³ on 29 October 2022,"I've owned Garmin and 3 Fitbit watches. The fitbits break on me in a couple of years. I decided to give this watch a shot. It looks good, measurements are accurate, and the app is great and easy to use. I was skeptical ordering it initially but figured what the heck. I've had this watch for a couple of days now and it is awesome. Exactly as advertised.",5,1
Nice watch âŒš,Reviewed in India ğŸ‡®ğŸ‡³ on 8 September 2022,Nice watch but Battery life is not that goodâŒš,4,1
Battery backup -very poor,Reviewed in India ğŸ‡®ğŸ‡³ on 6 October 2022,Battery backup- very poor,3,0
Touch is very bad,Reviewed in India ğŸ‡®ğŸ‡³ on 11 October 2022,Improve in touch quality,3,0
Perfect smart watch,Reviewed in India ğŸ‡®ğŸ‡³ on 25 October 2022,This is my first smart watch. I first ordered the fitbit and found that it did not have blood pressure feature and that was 1 of the main reasons I wanted it. I researched and found this one and was glad because it saved me a bunch of money it is 1/3 the price of the fitbit and does everything it did. It helps me keep on track on my fitness goals. I have been enjoying it more than I thought I would.,5,1
Super,Reviewed in India ğŸ‡®ğŸ‡³ on 14 September 2022,Super,4,1
Boat wave call watch,Reviewed in India ğŸ‡®ğŸ‡³ on 27 September 2022,Good but the quality of strap is not nice and built quality also not  nice,3,1
Heart rate,Reviewed in India ğŸ‡®ğŸ‡³ on 30 September 2022,It is always showing out heart rate is 72,3,0
Best product ...i like it very good smart watch in this range ğŸ˜ğŸ˜,Reviewed in India ğŸ‡®ğŸ‡³ on 28 August 2022,Best product in this price. @ 1799,4,1
Value for money and best quality,Reviewed in India ğŸ‡®ğŸ‡³ on 31 October 2022,"This is a smart watch of the best quality, its design also looks cool than any other smart watch ! Calling is also working great, its battery backup is giving fine, regular use will last 6 - 7 days the way I am using ! I found it best to buy at this price.",5,1
Perfect gift ğŸ,Reviewed in India ğŸ‡®ğŸ‡³ on 27 October 2022,I gifted this boat calling watch to my sister on diwali. Order this watch on Diwali sale and received watch after 3 day's and it's really amazing ğŸ˜ğŸ¤©. My sister liked this watch. Features and quality of watch is just amazing. There are many features in the watch and boat application was also good. Connectivity with the phone is also good ğŸ‘Perfect for gift ğŸ,5,1
Osam,Reviewed in India ğŸ‡®ğŸ‡³ on 10 September 2022,"The media could not be loaded.
                



Â Osam smart watch",4,1
Must buy,Reviewed in India ğŸ‡®ğŸ‡³ on 20 October 2022,Don't see others review see my review it is so comfortable for use touch display sound is in premium quality and so so good nice there is no words to describe the Watch that much good watch boat thank you so much watch is fully premium quality worth buying there is other nice words undescribal watch super watch calling system is very clear and good and dial pad is also very nice everyone must buy.,5,1
Worth for price,Reviewed in India ğŸ‡®ğŸ‡³ on 23 September 2022,Battery life is poor when connected with bluetooth. Without Bluetooth it will shows high battery life.Heart beat shows wrong.,3,0
Great features,Reviewed in India ğŸ‡®ğŸ‡³ on 30 October 2022,This has a much better screen and battery life than other smart watches I have used for a similar price. The app works great. Sleep tracking works great and has been very useful for my health. The other fitness features have been great too. The band is comfortable and looks to be long-lasting. Very happy I got this.,5,1
Sound control didn't working,Reviewed in India ğŸ‡®ğŸ‡³ on 11 September 2022,"The media could not be loaded.
                



Â Sound control didn't working",4,0
Cool and Stylish smartwatch,Reviewed in India ğŸ‡®ğŸ‡³ on 31 October 2022,Using this smartwatch from 3-4 days now and i am very impressed with this product. The battery backup is so good. The look of this watch is very stylish. The brand itself assure you about the quality of the product. Fit is also very good as anyone can wear this smartwatch. I will rate this watch 10/10.,5,1
Worth buying,Reviewed in India ğŸ‡®ğŸ‡³ on 28 August 2022,Best Bluetooth watch under 2k i got better experience with this product,4,1
Valu for mani 1799 only,Reviewed in India ğŸ‡®ğŸ‡³ on 3 October 2022,Music player not working,3,0
Very good quality,Reviewed in India ğŸ‡®ğŸ‡³ on 28 October 2022,"Watch is pretty good in this price. This is my first smart watch and I am very satisfied with it. Easy to use and easy to connect. Never disconnect in calls, just one tap connect. Working Good as expected,Good Display Visibility,Smooth Touch Screen, this watch is really comfortable to wear and fitness tracking is also accurate, worth buying.",5,1
Battery life not good  1 day not working,Reviewed in India ğŸ‡®ğŸ‡³ on 10 October 2022,"The media could not be loaded.
                



Â No fevcher  battery backup warest",3,0
Excellent,Reviewed in India ğŸ‡®ğŸ‡³ on 25 October 2022,I bought this smartwatch for my teenage son! He asked for something that would track his workouts at school and it does that and more. He also loves the text and call feature that displays the information from his phone. The battery life exceeds our expectations for the price but it turns out to be a great purchase. We recommend this watch over the more expensive smart watches.,5,1
Okay thank,Reviewed in India ğŸ‡®ğŸ‡³ on 6 October 2022,"The media could not be loaded.
                



Â Okay 1700",3,0
Call function,Reviewed in India ğŸ‡®ğŸ‡³ on 29 August 2022,Nice product but disconnect while on call,4,0
I have delivered used watch in the package,Reviewed in India ğŸ‡®ğŸ‡³ on 21 September 2022,"Battery is good, and touch is good, accuracy is very bad..",3,0
Smart watch âŒš,Reviewed in India ğŸ‡®ğŸ‡³ on 3 September 2022,Fine product,4,1
Good but screen is not so smooth,Reviewed in India ğŸ‡®ğŸ‡³ on 10 October 2022,The media could not be loaded.,3,0
Good product in this proce range,Reviewed in India ğŸ‡®ğŸ‡³ on 31 August 2022,Good product,4,1
Boat wave call,Reviewed in India ğŸ‡®ğŸ‡³ on 26 September 2022,"The media could not be loaded.
                



Â Sabse ghatiya watch âŒš hai ye boat ka paise faltu ka west chala gya",3,0
Touch is so smooth and worth it product,Reviewed in India ğŸ‡®ğŸ‡³ on 30 October 2022,"Touch is really really awesome, watch belt's quality is also best and its colour looks as it is in photo , App connectivity is too good ..... you can call and can hear crystal clear sound and musics too.Battery doesn't drains quickly .Just loved this watch...",5,1
Vary good product,Reviewed in India ğŸ‡®ğŸ‡³ on 31 October 2022,I just received my boat wave watch. It is fantastic like other boat products I own. I â¤ï¸the larger screen and it was very easy to pair with my Samsung Galaxy. It arrived promptly (four days before the scheduled time). I am rocking it this weekend.,5,1
Battery is not up to mark,Reviewed in India ğŸ‡®ğŸ‡³ on 29 July 2022,I am writing review after using one week this watch .I have purchased this in time of launch it in July and observing battering is draining too fast when use Bluetooth call . everyday charging is big concern in smart watch also i felt Bluetooth connectivity is too complex .Pros:1.Speaker and Calling functionality2.Stylish watch3.lees weight4.Big Size5.Software is basicCons :1.Battery backup is not good2.Touch is also not good .3.Watch Faces not have good option.,3,0
Boat wave call,Reviewed in India ğŸ‡®ğŸ‡³ on 26 September 2022,Product not support samsung j2 pro,3,0
New perfect working smartwatch for me,Reviewed in India ğŸ‡®ğŸ‡³ on 30 October 2022,This watch not only looks good but works very well. The integration between the app and the watch is seamless. The selection of watch faces is awesome. There are a couple of faces that allow you to select shortcuts for the watch apps you use most often.,5,1
Totally satisfied with this product.,Reviewed in India ğŸ‡®ğŸ‡³ on 31 October 2022,"The watch has interactive features which can be set up to remind the users to stay hydrated. It also allows users to keep track of their blood pressure, heart rate, and oxygen. I use these features daily. I am very happy with my purchase.",5,1
about BT calling using watch,Reviewed in India ğŸ‡®ğŸ‡³ on 1 August 2022,To enable BT calling from your watch you will have to connect a BT called call BT and then you can make call with the watch. But it will start acting as a speaker of your phone. Now suppose you are watching YT video so audio won't come out of your phone it will come out of watch. I am using iphone 12 and I really don't want to use it as a speaker but at the same time I want to make call with the watch too. Can anyone help me?,3,0
Amazing smart watch,Reviewed in India ğŸ‡®ğŸ‡³ on 23 October 2022,"This watch has an ultra slim body which is light weight and gives a permium look. The seemless body and build quality is fantastic. Talking about it's features, the call feature works decently and the mic and speaker quality is enhanced. Other features including Heart rate, Blood oxygen level, sleep monitor also works properly. I got quite good impressions after wearing this. Loved it.",5,1
Good watch at affordable price.,Reviewed in India ğŸ‡®ğŸ‡³ on 2 August 2022,"Using it for a week now, and experience is positive. It has features like calling and playing audio via watch. Only problem I found was, watch doesn't always display time after twisting of wrist i.e. need to manually click button to check time.",4,1
Awesome experience,Reviewed in India ğŸ‡®ğŸ‡³ on 26 October 2022,This is a great smart watch and such a great deal on the price ! I am done buying expensive Apple stuff when there is so many other great products on the market ! This is the best purchase I have made in a long time !,5,1
Super impressed!,Reviewed in India ğŸ‡®ğŸ‡³ on 27 October 2022,"Super impressed with this, paired it easily to my phone, the app was easy to install and the watch is easy to navigate. i was also pleasantly surprised that the watch was at 100% charge out of the box. Highly recommend for the price.",5,1
"Software glitch, time updation problem",Reviewed in India ğŸ‡®ğŸ‡³ on 24 August 2022,Battery life is good but connectivity issue....wake up screen not working properly.... music control or camera control not working properly....i don't know why is happening m a boat â›µ customer since 2018....i have lots of product from it....but this watch disappointed me....ğŸ¥ºğŸ˜,3,0
Here are the best smartwatch available for Android,Reviewed in India ğŸ‡®ğŸ‡³ on 21 October 2022,"The best smartwatches do more than let you know if you're getting a call or text message on your wrist. They're everything in one: a fitness tracker for counting your steps, a digital wallet and in some cases, it can act as a phone, even if your smartphone is nowhere nearby.",5,1
Classy budget product,Reviewed in India ğŸ‡®ğŸ‡³ on 31 October 2022,"It was a good deal though... I liked everything in this smartwatch...Quality of smartwatch is very good, the display,clarity of screen, strap is too nice. & crown is very nice...",5,1
Dr sahab,Reviewed in India ğŸ‡®ğŸ‡³ on 18 August 2022,Mujhe sabse achha lga calling system lekin battery backup nahi hai or charge bhi bahut late se hoti hai,4,1
Boat is rock,Reviewed in India ğŸ‡®ğŸ‡³ on 28 October 2022,This is another great product from boAt. It is easy to set up and very use of friendly. It also has great accuracy. Wonderful features including sleep tracking which is very useful. The battery life has so far been excellent.,5,1
Smart watch realy smart work,Reviewed in India ğŸ‡®ğŸ‡³ on 27 October 2022,"Very good watch for the price, the features such as heart rate, blood oxygen and sleep tracking seemed to be pretty accurate. Super battery life, I charged it once and used it for several days before it needed charged again.",5,1
Good,Reviewed in India ğŸ‡®ğŸ‡³ on 30 October 2022,"Very helpful watch, I really recommend this product, very friendly seller staff. Very courteous. Thank you very much.app is amazing,bllod pressure,heart rate, thermometer, and oxygen level, measuring,all you need in one touch.",5,1
What an amazing piece!,Reviewed in India ğŸ‡®ğŸ‡³ on 27 October 2022,"It got super amazing display. All of its features works fine. It got running , swimmin, exercising etc measurements. The strap size is good and adjustable for all size. I loved bluetooth calling the most. I am super happy to buy it.",5,1
Amazing Watch,Reviewed in India ğŸ‡®ğŸ‡³ on 29 October 2022,This watch linked well with my Iphone & all the features synced without any problems. Nice touch being able to change the face when you feel like it. Looks good & works well.,5,1
Classic,Reviewed in India ğŸ‡®ğŸ‡³ on 27 October 2022,"Superb quality , very smooth touch with high brightness level no problem In outdoor , I love his speaker sound it's a great  , very slick design ğŸ‘ŒCalling function work very niceI'm totally satisfied to buy this smart watchThankyou Amazon!!!",5,1
"Looks nice.good battery life.â€,has nice display. .",Reviewed in India ğŸ‡®ğŸ‡³ on 27 October 2022,"I see the reviews before buying and search more than one month finally purchased this in big billion days sale. After buying I can say that, with no doubt you can go for it just awesome loved the display.",5,1
Best Classic,Reviewed in India ğŸ‡®ğŸ‡³ on 24 October 2022,Really have brought this watch random while using with such a great experience with overLook! 10/10Battery backup 09/10Touch smooth 09/10Stelliness metal upper part that make the matt look 10/10Connecting the way you enjoy 10/10Cool in your buget to over all good fitted for it ğŸ˜„,5,1
This watch is awesome,Reviewed in India ğŸ‡®ğŸ‡³ on 28 October 2022,"I love this smart watch and wear it everyday. The strap is durable and soft, and the face is the perfect size. The price is very reasonable, and I would highly recommend it.",5,1
Nice,Reviewed in India ğŸ‡®ğŸ‡³ on 28 October 2022,The battery life is amazing!! lasts a good 7-10 days depending on use. I really only use steps & sleep tracking. Easy to use & set up. I get text messages & phone alerts,5,1
Awsome,Reviewed in India ğŸ‡®ğŸ‡³ on 26 October 2022,This watch is a budget watch that provides pretty much the same functionalities like the branded one at a much cheaper price. The battery life is good and the call functionality is great allowing you to answer call directly on your watch,5,1
Worth it,Reviewed in India ğŸ‡®ğŸ‡³ on 30 October 2022,"Product is as per the description.Product is good and comfortable wear for someone.Value for money, Bluetooth range is for 10 mts exact beyond which you calling drops.",5,1
Impressive ğŸ‘,Reviewed in India ğŸ‡®ğŸ‡³ on 28 October 2022,Look wise awesome. I have compared O2 and heartbeat level with oxymeter and got pretty close reading so sensors are descent. Battery backup is also good and calling feature is cherry on top. Love this watch.,5,1
Watch,Reviewed in India ğŸ‡®ğŸ‡³ on 31 October 2022,Finally received a good one ğŸ˜ğŸ˜ . Actually Iâ€™m worried about watch . At least its good one â˜ï¸ . I recommend this watch to buy ğŸ˜ŒğŸ˜‰ğŸ˜‰,5,1
Niceeeee product,Reviewed in India ğŸ‡®ğŸ‡³ on 31 October 2022,Love the watch & the seller is excellent & buying experience is a plus. It was a pleasure doing business with you. Thank you for the watch........,5,1
Expected more from boat,Reviewed in India ğŸ‡®ğŸ‡³ on 27 July 2022,"I have used for 3 days and write review .Pros : Build material, Touch sensitivity, sports mode working fine, mic and speaker good, camera control, no connectivity issues.Cons :1.worst battery backup-max 2 days if connected.2.Notification like sms,WhatsApp were getting only sound but not displayed in the watch notification.3.Sometimes calls were not connecting and also making noise - but not oftenCan anyone help to see WhatsApp messages in smartwatch notification?",3,0
Simply Awesome,Reviewed in India ğŸ‡®ğŸ‡³ on 26 October 2022,"Very nice product from BOAT. Call function Awesome & Loud Speaker Mode Clean Loudly. Display, Battery performance are good and 150+ cloud watch faces really fantastic. Connectivity very fast, love this product in this better PriceğŸ˜ŠğŸ˜Š.",5,1
Brilliant,Reviewed in India ğŸ‡®ğŸ‡³ on 30 October 2022,"I liked it alot from the first day when I received, it work better than other smartwatch that are available in Market at same price also having lot more features.",5,1
Screen very sensetive,Reviewed in India ğŸ‡®ğŸ‡³ on 11 September 2022,Did not like screen,3,0
Amazing,Reviewed in India ğŸ‡®ğŸ‡³ on 30 October 2022,"I'm very happy with the watch.it has all the features,the touch screen is super smooth. And the colour is just awesome. Battery backup Is best.love this watch.",5,1
Product is good,Reviewed in India ğŸ‡®ğŸ‡³ on 27 September 2022,The media could not be loaded.,3,0
Magnificent smart watch in this price.,Reviewed in India ğŸ‡®ğŸ‡³ on 1 August 2022,Very good bluetooth calling watch. Display also very nice. No problem even in direct sunlight.  Very good talking experience.  In this price magnificent smart watch.,4,1
Best smartwatch ever,Reviewed in India ğŸ‡®ğŸ‡³ on 25 October 2022,"A wrist watch is the best thing for good personality and this smartwatch is the best choice in this category and the calling feature of this watch makes it more awesome , it's battery life is also good",5,1
Good one,Reviewed in India ğŸ‡®ğŸ‡³ on 23 October 2022,"First of all, it's has calling features in such a low price, and the sound quality is also superb, now I don't have to worry about the missed call, I can receive calls even when m driving or cooking or anything. Its metal body makes it more beautiful.",5,1
Good.,Reviewed in India ğŸ‡®ğŸ‡³ on 14 August 2022,Good looking and battery 3 days battery backup.,4,1
Totally recommended,Reviewed in India ğŸ‡®ğŸ‡³ on 27 October 2022,"It does everything that I need. Keeps up with my pace, my activity throughout the day. Screen is nice and bright. And face size is just right not to big and not to small.",5,1
Good quality product,Reviewed in India ğŸ‡®ğŸ‡³ on 30 October 2022,"Watch has a lot of helpful features, Its price is reasonable and durable, Excellent customer service too if you need help, Overall this watch is highly recommended ğŸ‘ŒğŸ»",5,1
Budget friendly with calling feature,Reviewed in India ğŸ‡®ğŸ‡³ on 19 October 2022,This is a great watch in this range. I paid only 1799 during the prime day sale whereas the MRP on the box was 7990. The touch and UI is very smooth and the best part is it also has calling feature which is great. The speaker of the watch is also very clear.,5,1
Fabulous,Reviewed in India ğŸ‡®ğŸ‡³ on 28 October 2022,"I love it I wanted to time my sleeping and it works perfectly , I see how I sleep at night how long I sleep ...work great battery life lasts a long time",5,1
Works!,Reviewed in India ğŸ‡®ğŸ‡³ on 3 September 2022,The strap quality could have been better. It's got stay on hand to be useful..features are normal and accurate matches other brands..,3,0
Awesome smartwatch,Reviewed in India ğŸ‡®ğŸ‡³ on 25 October 2022,Worth the prize I am satisfied with it the app also working smoothly the quality of the product is very nice no issues I have been using this watch for 3days now.,5,1
Awesome Product,Reviewed in India ğŸ‡®ğŸ‡³ on 22 October 2022,"Build quality of the product with touch sensitivity is really good. I am expecting great features of this watch as well. Looks and design is stunning for my purchase of blue colour. Exercise, sleep and heart rate tracking are some of the great features of this watch.",5,1
smarty watch for a reason!,Reviewed in India ğŸ‡®ğŸ‡³ on 25 October 2022,I really think its all in one. Great smartwatch at the fraction of the price of a Apple Watch. This watch offers great features and does quite a bit for the price point. Love it and the battery life is also amazing.,5,1
Nice and cool watch,Reviewed in India ğŸ‡®ğŸ‡³ on 28 July 2022,Watch is really nice and cool...buy on prime day sale. But i return due to battery drain Perticular while using calling function BT calling.Function are good but blood pressure option not available.Overall if you agree to little bit drain of battery problem (bt calling we can use 3 days and without calling 5 days battery backup)then it's surely very good choice if its under 2k.,3,0
Good Watch this Price Range,Reviewed in India ğŸ‡®ğŸ‡³ on 26 October 2022,"This is best Bluetooth calling smart watch. It has more than 150 watch faces. It's come with IP68 rating so it is dust ans water resistant. It has verious sports mode like walking, running, basketball, football, yoga, swimming etc.",5,1
Value for money,Reviewed in India ğŸ‡®ğŸ‡³ on 27 October 2022,"I enjoyed this product for one reason, the Apple Watch is too expensive but this is a cheaper alternative and works just as well I use it for my daily runs to track my miles",5,1
Smooth refresh rate and touch response,Reviewed in India ğŸ‡®ğŸ‡³ on 23 October 2022,"The UI of the watch is perfect and very user friendly , the accuracy of the sensors are good . Audio and call quality is perfect . Planning to order another one for myself . Good to buy",5,1
Osm product,Reviewed in India ğŸ‡®ğŸ‡³ on 12 August 2022,Value for moneyNice calling smartwach this bought,4,1
Fabulous watch,Reviewed in India ğŸ‡®ğŸ‡³ on 27 October 2022,"This watch does everything an Apple Watch would at a fraction of the cost. I really cannot say anything bad about it. You can receive texts, WhatsApp notifications, make and receive calls.",5,1
LOOKING SIMPLE & SUPERB,Reviewed in India ğŸ‡®ğŸ‡³ on 28 October 2022,Love the watch & the seller is excellent & buying experience is a plus. It was a pleasure doing business with you. Thank you for the watch,5,1
totally worth It,Reviewed in India ğŸ‡®ğŸ‡³ on 30 October 2022,"worth the money . Bought myself one, my son checked it out . He has one now too. we are very pleased.",5,1
A good product,Reviewed in India ğŸ‡®ğŸ‡³ on 27 October 2022,This is a pretty cool watch you have to keep in mind what you're paying for and what to expect for the price... this is a great watch,5,1
Great watch in such price,Reviewed in India ğŸ‡®ğŸ‡³ on 30 October 2022,"It's an amazing watch in such price range, loved the color, Battery charging was fast,touch sensitivity is good. Looking good on wrist.",5,1
Best smartwatch at good price,Reviewed in India ğŸ‡®ğŸ‡³ on 26 October 2022,On usage so far1. Voice calling ğŸ“ is fantastic comes handy when you are driving . Speaker also lound and clear2. Battery ğŸ”‹ is good3. Display is good4. Strudy design5. Synching is smooth,5,1
Good Smartwatch with Calling Feature,Reviewed in India ğŸ‡®ğŸ‡³ on 25 October 2022,"This smart watch is great. I love that it is a fitness tracker, has a built-in speaker and is water resistant. I also love that it has a dial pad on it. It is a great fitness tracker and a smart watch in one.",5,1
ALL FEATURES WORKING FINE AND ACCURATE,Reviewed in India ğŸ‡®ğŸ‡³ on 29 October 2022,"THIS BOAT SMARTWATCH HAVE BEST QUALITY PRODUCT.I LOVE IT THE MOST THIS SMARTWATCHALL TOUCH SCREEN,DISPLAY,SENSORS WORKING FINE AND ACCURATE.BEST SMART WATCH EVER.",5,1
Fabulous smartwatch ğŸ˜,Reviewed in India ğŸ‡®ğŸ‡³ on 26 October 2022,This smartwatch is awesome and came with allmost all the features necessary. Inbuilt quality is also good and touch is like butter. Microphone work properly and speaker sound is clear. Value for money product.,5,1
Looking awesome,Reviewed in India ğŸ‡®ğŸ‡³ on 28 October 2022,"""Iâ€™m really impressed with this watch. Nice looking, battery last for days without needing to be recharge and have a bunch of others features.Great buy, love it.""",5,1
Worth buying,Reviewed in India ğŸ‡®ğŸ‡³ on 25 October 2022,It's a nice watch with deep blue straps looks quite cool. It's lightweight and slim. The touch is good and speaker is loud. The call option is really good. Great display at this price range. Go for it without a doubt.,5,1
Review on watch,Reviewed in India ğŸ‡®ğŸ‡³ on 26 July 2022,I purchased this watch today it's was one day delivery. And I got it on discount. watch is very nice and sturdy giving a apple watch look. it's worth it. it's actually a smart watch,4,1
Nice one model with calling function,Reviewed in India ğŸ‡®ğŸ‡³ on 26 October 2022,"Why pay so much for a name brand watch when this watch does everything that a Apple Watch does. I get txt, calls, steps, BP, EKGâ€¦â€¦etc love this watch",5,1
Astonishing,Reviewed in India ğŸ‡®ğŸ‡³ on 25 October 2022,"This smartwatch is really smart. It shows accurate readings of your heart rate, blood oxygen level.I cross-checked it with the instrument I have. Overall I am very satisfied. Recommended.",5,1
Worth for money,Reviewed in India ğŸ‡®ğŸ‡³ on 26 July 2022,"1)Brightness is high2) Battery is good3) touch screen are fast moving with no lag4) speaker is loud and clear ,mic is good4)overall worth for moneyReview after 1day",4,1
Best Smart Watch with in the Budget Price,Reviewed in India ğŸ‡®ğŸ‡³ on 28 October 2022,"From being able to change watch faces, to sleep functions to receiving readable msgs, to keeping track of oxygen and heart beat its a really fun watch to own...",5,1
Superb,Reviewed in India ğŸ‡®ğŸ‡³ on 25 October 2022,The product built quality is really superb. And touch quality is really very smooth. And it also have a good battery quality. And it also have a reasonable price and its value for money.,5,1
Good at this price range,Reviewed in India ğŸ‡®ğŸ‡³ on 29 October 2022,i have use this watch from last 3-4 days its realy good bulid qulity in this range and  watch look is awsome,5,1
Good Experience,Reviewed in India ğŸ‡®ğŸ‡³ on 29 October 2022,Love this watch hooks up easily to my phone and can make and receive call and text messages with the touch will make a great gift,5,1
Nice watch,Reviewed in India ğŸ‡®ğŸ‡³ on 31 October 2022,"Mobile app is easy to use, battery works for more than 2 days ,,,,perfect for my use.",5,1
Best watch,Reviewed in India ğŸ‡®ğŸ‡³ on 31 October 2022,One of the Best watch used so far. Very Convenient to use and feature rich. Worth the Money,5,1
Very good model,Reviewed in India ğŸ‡®ğŸ‡³ on 30 October 2022,I like this watch because packing is nice and warrenty card also given for this watch it was very super,5,1
Good quality,Reviewed in India ğŸ‡®ğŸ‡³ on 29 October 2022,"I purchased this for the sleep monitor, blood pressure and heart rate capability. I like the bright display, easy to read.",5,1
Nice product,Reviewed in India ğŸ‡®ğŸ‡³ on 29 October 2022,I like that has the step counter and can keep track of your heart rate. And can notify me of text messages.,5,1
I love this  beautiful watch,Reviewed in India ğŸ‡®ğŸ‡³ on 20 August 2022,"The media could not be loaded.
                



Â I purchased blue one! Itâ€™s now so beautiful when  I install 22 mm stainless steel strap â¤ï¸",4,1
Awesome,Reviewed in India ğŸ‡®ğŸ‡³ on 28 October 2022,This was just what my wife had been looking for. does a great job tracking vitals and her sleep patterns. She loves it!,5,1
Goof digital watch,Reviewed in India ğŸ‡®ğŸ‡³ on 28 October 2022,"Super impressed with this, paired it easily to my phone, the app was easy to install and the watch is easy to navigate.",5,1
Not satisfy with battery's performance,Reviewed in India ğŸ‡®ğŸ‡³ on 6 September 2022,,3,0
Good product,Reviewed in India ğŸ‡®ğŸ‡³ on 3 September 2022,,3,0
Amazing Product,Reviewed in India ğŸ‡®ğŸ‡³ on 30 October 2022,"Excellent watch, one of the best smart watch I used so far. Worth of money.",5,1
Good phone,Reviewed in India ğŸ‡®ğŸ‡³ on 3 August 2022,"Phone is very good only issue is its does not have BP monitor, mensuration cycle. Overall nice phone",4,1
It's very good watch.....if you buy this i promise that it will be very helpfull for you : ),Reviewed in India ğŸ‡®ğŸ‡³ on 11 October 2022,Hi everyone...here i want to say that its a very good product of boat if you buy this in less than 3thousand rupees it will be best deal.....so what are you waiting for order it..and yess it is very very very usefull for collage school and medical students....thank you and have a nyc one : ),5,1
Quite good,Reviewed in India ğŸ‡®ğŸ‡³ on 31 October 2022,Pretty decent for the amount. Has all necessary functions and decent battery life. Calling quality is also quite good.,5,1
genuine,Reviewed in India ğŸ‡®ğŸ‡³ on 22 August 2022,"1.Best calling enabled2.mic  is audible and clear3.display is fine and responsive4.Easy and fast , little bit lag6.Notification timing is too accurate",3,0
Battery is not up to mark,Reviewed in India ğŸ‡®ğŸ‡³ on 18 August 2022,Good watch just not satisfied with battery life if u connect Bluetooth it doesn't give a single day full backup ....this bad is battery life.....not happy with the purchase,3,0
Worth it,Reviewed in India ğŸ‡®ğŸ‡³ on 31 October 2022,This is a gift for someone who need to monitor his/her health.,5,1
Watch is smart and I am happy this watch,Reviewed in India ğŸ‡®ğŸ‡³ on 28 October 2022,This is a good screen and battery back up is a good and I am happy this watch wave calling,5,1
Excellent,Reviewed in India ğŸ‡®ğŸ‡³ on 29 October 2022,This smart watch is the best at keeping you on track and affordable. Love it,5,1
Amazing quality,Reviewed in India ğŸ‡®ğŸ‡³ on 28 October 2022,Has the Same quality as an Apple Watch. Great Build Quality. Great fitness tracker. Battery lasts multiple days with one charge.,5,1
Fast charging,Reviewed in India ğŸ‡®ğŸ‡³ on 24 October 2022,"I wanted a simple smart watch to give me time, count my steps, keep track of heart rate, have calling feature and document my workouts. This one did all of that well, at a low price.",5,1
For the money,Reviewed in India ğŸ‡®ğŸ‡³ on 29 October 2022,"For the money !!! A great watch. Keeps good time, good battery life and measurements are pretty acurate.",5,1
Loved this watch,Reviewed in India ğŸ‡®ğŸ‡³ on 30 October 2022,Bought this instead of a fitbit due to my working conditions. Its better than expected and use the blood pressure feature all the time.,5,1
Awesome smartwatchğŸ˜˜,Reviewed in India ğŸ‡®ğŸ‡³ on 29 October 2022,Good battery life.....Good design.....Very good watch for blootooth calling.....Sports modes......I love this ğŸ˜ğŸ˜,5,1
Most advanced watch in such an affordable price.,Reviewed in India ğŸ‡®ğŸ‡³ on 25 October 2022,This watch got some serious skills. It is comfortable to wear. It connects easily and gives 99 percent accuracy. I liked the colour choices available. It is a perfect gift to give.,5,1
Battery Backup,Reviewed in India ğŸ‡®ğŸ‡³ on 26 July 2022,1. Battery backup is not up to mark...it hardly last for 1.5 to 2 days2. No silent option available for incoming call3. touch is not that much responsive4. Songs name does not appear on display in music control feature.All other feature same as regular smart watches....consider above points which I observed before buying.,3,0
Amazingg,Reviewed in India ğŸ‡®ğŸ‡³ on 31 October 2022,We took the black color one.Everything is good . Nice watch,5,1
